locus_tag	deffinder_model	deffinder_gene_name	deffinder_system	deffinder_hit_i_eval	deffinder_hit_profile_cov	deffinder_hit_seq_cov	deffinder_hit_status	deffinder_sys_wholeness	definder_hit_score	padloc_system	padloc_gene_name	padloc_evalue	padloc_domain_ievalue	padloc_target_cov	padloc_hmm_cov	start	end	strand
KEBBGD_00673	NA	NA	NA	NA	NA	NA	NA	NA	NA	PDC-S07	PDC-S07	4.7999999999999994e-42	5.4999999999999993e-42	0.955	0.948	728055.0	728459.0	+
KEBBGD_02232	NA	NA	NA	NA	NA	NA	NA	NA	NA	PDC-S11	PDC-S11	1.6999999999999994e-133	1.7999999999999994e-133	0.989	0.988	2337778.0	2338836.0	+
KEBBGD_02648	NA	NA	NA	NA	NA	NA	NA	NA	NA	PDC-S07	PDC-S07	3.4999999999999996e-42	4.0999999999999995e-42	0.941	0.948	2798455.0	2798862.0	+
KEBBGD_02862	DefenseFinder_1	PD-T4-8	PD-T4-8	5.2e-188	0.993	1.000	mandatory	1.000	623.000	shedu	SduA	4.099999999999998e-226	4.599999999999998e-226	0.998	0.998	3021891.0	3023111.0	-
KEBBGD_03140	NA	NA	NA	NA	NA	NA	NA	NA	NA	PDC-S32	PDC-S32	4.8e-30	6.599999999999999e-30	0.954	0.961	3287965.0	3288873.0	+
KEBBGD_03153	DefenseFinder_2	HP	FS_HP	4.1e-98	0.994	0.994	mandatory	1.000	324.200	NA	NA	NA	NA	NA	NA	3298979.0	3299506.0	-
KEBBGD_03189	NA	NA	NA	NA	NA	NA	NA	NA	NA	SoFic	SoFic	3.3e-10	3.7e-10	0.856	0.62	3335103.0	3335894.0	-
KEBBGD_04596	DefenseFinder_1	Sp_dGTPase	dGTPase	1.5e-223	0.996	0.991	mandatory	1.000	740.500	dXTPase	dGTPase	2.1999999999999995e-141	2.4999999999999994e-141	0.98	0.894	4857623.0	4858999.0	+
